,City,Lat,Lng,Max Temp,Humidity,Cloudiness,Wind Speed,Country,Date
0,isangel,-19.55,169.2667,297.33,86,100,7.88,VU,1651188167
1,horsham,51.064,-0.3272,281.79,79,0,3.09,GB,1651188277
2,nishihara,26.1842,127.7558,299.99,91,75,7.72,JP,1651188193
3,ilulissat,69.2167,-51.1,270.16,93,40,2.06,GL,1651188277
4,gap,44.6667,6.0,277.5,70,2,1.23,FR,1651188278
5,spasskoye,44.6108,132.7969,282.02,41,81,2.65,RU,1651188278
6,acarau,-2.8856,-40.12,298.58,88,67,4.01,BR,1651188279
7,tautira,-17.7333,-149.15,300.21,75,24,9.29,PF,1651188179
8,bria,6.5423,21.9863,293.93,92,100,1.2,CF,1651188279
9,butaritari,3.0707,172.7902,300.87,79,99,7.16,KI,1651188279
10,puerto del rosario,28.5004,-13.8627,291.01,68,20,6.69,ES,1651188280
11,punta arenas,-53.15,-70.9167,279.21,81,40,9.77,CL,1651188083
12,new norfolk,-42.7826,147.0587,289.87,81,3,1.65,AU,1651188192
13,luderitz,-26.6481,15.1594,289.71,67,23,3.94,NA,1651188281
14,mandera,3.9366,41.867,300.41,66,86,4.22,KE,1651188281
15,port alfred,-33.5906,26.891,292.62,51,10,4.85,ZA,1651188172
16,bethel,41.3712,-73.414,282.73,36,4,5.36,US,1651188282
17,torbay,47.6666,-52.7314,275.11,95,100,3.09,CA,1651188282
18,coffs harbour,-30.3,153.1333,295.13,83,100,3.09,AU,1651188282
19,hithadhoo,-0.6,73.0833,302.49,69,81,3.41,MV,1651188283
20,fundao,-19.9341,-40.4047,298.89,93,10,0.28,BR,1651188283
21,bluff,-46.6,168.3333,283.75,80,42,3.33,NZ,1651188192
22,barrow,71.2906,-156.7887,260.16,78,100,9.26,US,1651188258
23,jamestown,42.097,-79.2353,280.12,39,0,4.63,US,1651188058
24,rikitea,-23.1203,-134.9692,298.28,64,25,8.26,PF,1651188252
25,ilhabela,-23.7781,-45.3581,298.89,75,40,1.67,BR,1651188284
26,cassilandia,-19.1133,-51.7342,299.61,37,64,0.94,BR,1651188284
27,ribeira grande,38.5167,-28.7,290.37,94,75,7.2,PT,1651188285
28,tasiilaq,65.6145,-37.6368,272.24,87,6,2.46,GL,1651188248
29,puerto ayora,-0.7393,-90.3518,296.55,80,11,3.95,EC,1651188260
30,beja,36.7256,9.1817,285.96,61,100,2.2,TN,1651188285
31,tuktoyaktuk,69.4541,-133.0374,262.15,79,100,6.17,CA,1651188250
32,padang,-0.9492,100.3543,298.18,87,100,1.71,ID,1651188286
33,bredasdorp,-34.5322,20.0403,286.82,94,64,1.92,ZA,1651188255
34,chauk,20.8833,94.8167,303.25,53,21,2.34,MM,1651188286
35,cherskiy,68.75,161.3,265.66,91,100,4.88,RU,1651188287
36,busselton,-33.65,115.3333,285.36,80,33,2.51,AU,1651188246
37,nong phai,15.9903,101.0618,299.64,76,100,1.14,TH,1651188287
38,salalah,17.0151,54.0924,302.2,84,75,1.54,OM,1651188288
39,atuona,-9.8,-139.0333,299.19,77,66,8.8,PF,1651188190
40,kathu,7.9178,98.3332,304.11,74,7,3.13,TH,1651188288
41,eureka,40.8021,-124.1637,287.76,62,25,2.68,US,1651188233
42,bandarbeyla,9.4942,50.8122,301.41,78,21,2.12,SO,1651188289
43,georgetown,5.4112,100.3354,299.12,94,20,0.0,MY,1651188191
44,geraldton,-28.7667,114.6,284.38,87,0,3.6,AU,1651188047
45,cabo san lucas,22.8909,-109.9124,302.22,28,0,3.6,MX,1651188257
46,saint-joseph,-21.3667,55.6167,296.22,80,16,2.09,RE,1651188290
47,saldanha,-33.0117,17.9442,289.18,92,24,6.67,ZA,1651188188
48,chokurdakh,70.6333,147.9167,256.99,94,95,1.67,RU,1651188243
49,mataura,-46.1927,168.8643,284.32,79,13,0.48,NZ,1651188261
50,hobart,-42.8794,147.3294,289.16,89,20,2.06,AU,1651188267
51,ambilobe,-13.2,49.05,295.46,96,46,1.43,MG,1651188291
52,arraial do cabo,-22.9661,-42.0278,298.31,83,8,9.56,BR,1651188189
53,ocos,14.5094,-92.1933,305.25,63,6,3.58,GT,1651188291
54,larsnes,62.2028,5.5773,278.4,81,84,1.93,NO,1651188292
55,pundaguitan,6.3711,126.1689,300.64,77,100,4.17,PH,1651188292
56,khorol,49.7837,33.2783,280.94,64,97,2.91,UA,1651188292
57,khatanga,71.9667,102.5,263.4,93,99,3.12,RU,1651188104
58,albany,42.6001,-73.9662,281.52,26,15,0.89,US,1651187996
59,kumylzhenskaya,49.8809,42.5898,280.36,69,12,2.46,RU,1651188293
60,mandiana,10.6333,-8.6833,298.09,78,100,5.19,GN,1651188293
61,cuenca,-2.8833,-78.9833,288.22,72,75,1.54,EC,1651188117
62,thompson,55.7435,-97.8558,282.24,37,75,5.66,CA,1651188129
63,jumla,29.2747,82.1838,283.44,52,7,1.9,NP,1651188294
64,wanning,18.8003,110.3967,299.46,92,99,1.0,CN,1651188200
65,keti bandar,24.1447,67.4497,301.05,82,0,6.85,PK,1651188295
66,almeirim,-1.5233,-52.5817,296.63,98,99,1.64,BR,1651188295
67,hasaki,35.7333,140.8333,288.37,73,90,5.6,JP,1651188295
68,castro,-24.7911,-50.0119,290.78,91,62,1.89,BR,1651188296
69,dabhol,17.6,73.1667,298.9,88,0,0.95,IN,1651188296
70,kapaa,22.0752,-159.319,298.12,84,100,7.2,US,1651188193
71,lasa,46.6166,10.7002,283.3,72,3,1.17,IT,1651188297
72,clyde river,70.4692,-68.5914,258.28,85,75,4.12,CA,1651188118
73,severo-kurilsk,50.6789,156.125,274.52,92,100,6.39,RU,1651188297
74,dikson,73.5069,80.5464,259.19,91,73,8.53,RU,1651188298
75,upernavik,72.7868,-56.1549,263.62,89,51,1.83,GL,1651188298
76,port blair,11.6667,92.75,299.17,94,40,0.51,IN,1651188298
77,east london,-33.0153,27.9116,291.99,47,3,3.36,ZA,1651188125
78,vaini,-21.2,-175.2,301.24,61,40,5.66,TO,1651188099
79,manjacaze,-24.7117,33.8828,289.44,93,0,2.19,MZ,1651188299
80,zeya,53.75,127.2667,276.45,27,19,4.42,RU,1651188299
81,sitka,57.0531,-135.33,284.09,54,20,3.6,US,1651188300
82,palmer,42.1584,-72.3287,282.36,21,20,11.83,US,1651188242
83,fortuna,40.5982,-124.1573,287.28,64,20,5.66,US,1651188253
84,nikolskoye,59.7035,30.7861,275.83,61,100,3.77,RU,1651188301
85,devon,50.75,-3.75,280.51,83,75,1.12,GB,1651188301
86,tuatapere,-46.1333,167.6833,285.15,76,35,1.66,NZ,1651188301
87,douentza,14.9951,-2.9517,302.18,15,63,0.49,ML,1651188302
88,baykit,61.67,96.37,276.89,99,100,1.52,RU,1651188252
89,san cristobal,7.7669,-72.225,296.25,87,90,0.63,VE,1651188302
90,port elizabeth,-33.918,25.5701,289.44,70,0,2.06,ZA,1651188061
91,hermanus,-34.4187,19.2345,284.15,89,98,1.89,ZA,1651188255
92,gimli,50.6336,-96.9907,277.16,75,99,3.09,CA,1651188303
93,carrigaline,51.8117,-8.3986,280.01,81,40,1.03,IE,1651188303
94,innisfail,-17.5333,146.0333,298.02,86,93,5.34,AU,1651188304
95,necochea,-38.5473,-58.7368,283.81,55,90,6.55,AR,1651188304
96,tiksi,71.6872,128.8694,261.65,90,37,2.68,RU,1651188305
97,qaanaaq,77.484,-69.3632,270.52,95,99,2.57,GL,1651188257
98,lexington,37.9887,-84.4777,290.93,47,20,4.12,US,1651188126
99,takoradi,4.8845,-1.7554,299.07,82,100,3.13,GH,1651188305
100,divinopolis,-20.1389,-44.8839,294.51,68,38,2.22,BR,1651188306
101,yarada,17.65,83.2667,301.09,78,19,3.67,IN,1651188306
102,provideniya,64.3833,-173.3,273.21,80,75,8.05,RU,1651188307
103,kirakira,-10.4544,161.9205,302.48,72,100,2.2,SB,1651188307
104,parrita,9.5201,-84.3225,300.39,81,59,0.69,CR,1651188308
105,phangnga,8.4509,98.5298,300.17,91,9,1.1,TH,1651188308
106,hofn,64.2539,-15.2082,280.65,68,8,3.98,IS,1651188254
107,komsomolskiy,40.4272,71.7189,290.55,67,97,2.06,UZ,1651188309
108,nabire,-3.3667,135.4833,299.84,78,90,0.92,ID,1651188309
109,poum,-20.2333,164.0167,296.19,86,100,6.9,NC,1651188086
110,avarua,-21.2078,-159.775,301.18,74,20,7.72,CK,1651188310
111,vanavara,60.34,102.2797,276.36,95,92,3.8,RU,1651188310
112,micheweni,-4.9667,39.8333,298.66,87,68,5.49,TZ,1651188311
113,ushuaia,-54.8,-68.3,277.96,87,40,11.32,AR,1651188190
114,sesheke,-17.4759,24.2968,289.33,82,3,2.38,ZM,1651188311
115,lavrentiya,65.5833,-171.0,272.29,89,66,4.58,RU,1651188312
116,san quintin,30.4833,-115.95,289.66,63,6,10.38,MX,1651188272
117,naryan-mar,67.6713,53.087,263.56,95,83,4.53,RU,1651188312
118,pierre,44.3683,-100.351,291.8,49,0,7.15,US,1651188278
119,hilo,19.7297,-155.09,298.18,76,20,6.17,US,1651188249
120,watsa,3.0372,29.5355,290.46,97,100,1.19,CD,1651188313
121,mezen,65.8522,44.24,270.42,82,91,5.56,RU,1651188313
122,laurel,39.0993,-76.8483,286.75,29,0,5.14,US,1651188313
123,pinawa,50.1489,-95.8811,283.01,52,100,2.49,CA,1651188314
124,pontes e lacerda,-15.2261,-59.3353,299.09,59,33,1.7,BR,1651188314
125,leningradskiy,69.3833,178.4167,267.96,90,100,1.04,RU,1651188263
126,yankton,42.8711,-97.3973,298.29,38,0,6.17,US,1651188315
127,akalkot,17.5333,76.2167,304.54,52,69,5.9,IN,1651188315
128,isla vista,34.4133,-119.861,293.93,47,0,3.6,US,1651188316
129,nicoya,10.1483,-85.452,303.05,61,98,3.59,CR,1651188316
130,guaymas,27.9333,-110.9,301.93,21,0,6.17,MX,1651188316
131,kunashak,55.7032,61.5498,284.44,74,84,4.97,RU,1651188317
132,korla,41.7597,86.1469,283.47,57,85,3.1,CN,1651188317
133,mersing,2.4312,103.8405,298.1,94,40,2.57,MY,1651188318
134,smirnykh,49.75,142.8333,275.93,64,61,7.79,RU,1651188318
135,yellowknife,62.456,-114.3525,276.44,52,20,9.77,CA,1651188095
136,carnarvon,-24.8667,113.6333,289.19,72,0,5.66,AU,1651188319
137,pisco,-13.7,-76.2167,292.18,88,98,3.09,PE,1651188305
138,kahului,20.8947,-156.47,305.16,43,40,8.75,US,1651188319
139,bignona,12.8103,-16.2264,297.17,51,1,4.11,SN,1651188320
140,gravelbourg,49.8834,-106.5512,290.3,25,13,2.99,CA,1651188320
141,santiago,-33.4569,-70.6483,291.73,51,0,1.03,CL,1651188321
142,bilma,18.6853,12.9164,303.54,10,68,2.94,NE,1651188321
143,fort nelson,58.8053,-122.7002,275.92,87,100,5.14,CA,1651188253
144,umm kaddadah,13.6017,26.6876,302.36,10,98,3.32,SD,1651188313
145,kodiak,57.79,-152.4072,278.85,69,94,6.4,US,1651188266
146,saint-philippe,-21.3585,55.7679,296.78,81,28,4.0,RE,1651188252
147,sambava,-14.2667,50.1667,296.93,85,25,5.69,MG,1651188322
148,trairi,-3.2778,-39.2689,298.06,91,42,3.14,BR,1651188156
149,kurumkan,54.3,110.3,272.69,63,4,0.45,RU,1651188323
150,san patricio,28.017,-97.5169,300.3,63,20,8.34,US,1651188323
151,kataysk,56.289,62.5841,279.2,71,91,4.93,RU,1651188323
152,benguela,-12.5763,13.4055,297.22,89,70,0.91,AO,1651188109
153,kavaratti,10.5669,72.642,302.19,76,86,2.43,IN,1651188324
154,san juan,-31.5375,-68.5364,285.96,31,0,3.51,AR,1651188325
155,lagoa,39.05,-27.9833,289.24,93,100,7.43,PT,1651188268
156,sarana,56.4773,57.7259,275.77,80,100,3.07,RU,1651188325
157,port lincoln,-34.7333,135.8667,290.52,81,99,5.09,AU,1651188193
158,oranjestad,12.524,-70.027,300.12,78,20,7.72,AW,1651188102
159,salisbury,51.0693,-1.7957,281.12,76,40,3.09,GB,1651188326
160,touros,-5.1989,-35.4608,299.52,83,80,5.49,BR,1651188326
161,levelland,33.5873,-102.378,306.03,5,1,11.16,US,1651188326
162,ormond beach,29.2858,-81.0559,296.51,57,40,8.75,US,1651188327
163,nanortalik,60.1432,-45.2371,276.9,82,97,1.97,GL,1651188327
164,lompoc,34.6391,-120.4579,289.44,58,0,10.8,US,1651188328
165,valparaiso,-33.0393,-71.6273,288.97,65,0,1.03,CL,1651188310
166,cape town,-33.9258,18.4232,288.99,88,75,5.14,ZA,1651188251
167,gwadar,25.1216,62.3254,302.21,69,0,7.13,PK,1651188329
168,janauba,-15.8025,-43.3089,298.22,44,14,4.76,BR,1651188329
169,tutoia,-2.7619,-42.2744,298.62,90,87,3.57,BR,1651188329
170,sinjar,36.3209,41.8754,292.38,59,75,2.52,IQ,1651188330
171,two rivers,44.1539,-87.5693,277.81,64,100,4.12,US,1651188330
172,luan,46.3592,6.9759,279.76,84,6,0.45,CH,1651188331
173,jiujiang,29.7333,115.9833,285.36,86,100,5.34,CN,1651188331
174,salinopolis,-0.6136,-47.3561,298.9,87,96,5.03,BR,1651188332
175,campos sales,-7.0744,-40.3761,295.65,54,43,2.35,BR,1651188332
176,denpasar,-8.65,115.2167,298.55,88,20,1.54,ID,1651187833
177,sao filipe,14.8961,-24.4956,295.17,71,3,3.07,CV,1651188333
178,atherton,53.5237,-2.4935,281.47,73,99,0.45,GB,1651188333
179,chuy,-33.6971,-53.4616,285.88,65,0,5.41,UY,1651188334
180,talara,-4.5772,-81.2719,296.57,68,0,7.72,PE,1651188248
181,luganville,-15.5333,167.1667,300.47,84,99,2.27,VU,1651188334
182,tura,25.5198,90.2201,296.07,85,0,1.79,IN,1651188334
183,jati,24.3539,68.2671,301.18,73,0,6.3,PK,1651188335
184,sehithwa,-20.4667,22.7167,291.06,47,1,3.01,BW,1651188335
185,faanui,-16.4833,-151.75,300.97,70,6,10.17,PF,1651188336
186,tilichiki,60.4667,166.1,273.02,94,88,3.73,RU,1651188336
187,karema,-6.8205,30.4389,293.82,89,48,2.9,TZ,1651188337
188,sterling,39.0062,-77.4286,286.51,30,20,5.81,US,1651188337
189,ponta delgada,37.7333,-25.6667,289.55,88,75,9.77,PT,1651188102
190,airai,-8.9266,125.4092,289.39,77,85,1.14,TL,1651188338
191,mar del plata,-38.0023,-57.5575,282.52,83,20,6.71,AR,1651188338
192,williston,48.147,-103.618,287.56,84,67,1.83,US,1651188339
193,mount gambier,-37.8333,140.7667,291.1,72,100,4.63,AU,1651188339
194,bani walid,31.7566,13.9942,287.04,92,0,4.4,LY,1651188339
195,tranas,58.0372,14.9782,275.89,56,60,1.07,SE,1651188258
196,biak,-0.9131,122.8766,298.48,80,100,1.3,ID,1651188340
197,bambous virieux,-20.3428,57.7575,295.29,94,40,1.54,MU,1651188258
198,molteno,-31.3968,26.3625,284.47,68,46,4.74,ZA,1651188340
199,sao joao da barra,-21.6403,-41.0511,297.93,87,8,5.52,BR,1651188341
200,margate,51.3813,1.3862,281.85,79,100,3.13,GB,1651188341
201,pistsovo,57.179,40.5298,275.76,59,96,2.04,RU,1651188342
202,ostrovnoy,68.0531,39.5131,266.19,77,100,10.05,RU,1651188342
203,mahajanga,-15.7167,46.3167,297.6,77,71,5.14,MG,1651188342
204,kavieng,-2.5744,150.7967,302.47,68,100,4.28,PG,1651188195
205,goure,13.9835,10.2704,301.27,16,66,1.93,NE,1651188134
206,chapais,49.7834,-74.8492,275.03,67,6,4.46,CA,1651188343
207,skjervoy,70.0311,20.9714,272.85,65,100,13.27,NO,1651188343
208,esperance,-33.8667,121.9,284.06,71,83,4.8,AU,1651188344
209,esna,25.2934,32.554,302.06,6,2,2.92,EG,1651188345
210,upington,-28.4478,21.2561,289.36,82,0,2.06,ZA,1651188345
211,forecariah,9.4306,-13.0881,299.55,85,96,1.75,GN,1651188345
212,kindu,-2.95,25.95,293.73,99,100,0.89,CD,1651188346
213,ixtapa,20.7,-105.2,298.72,78,0,6.69,MX,1651188346
214,ornskoldsvik,63.2909,18.7153,271.68,74,100,2.57,SE,1651188347
215,tiverton,50.9,-3.4833,280.07,88,0,0.45,GB,1651188347
216,varna,43.2167,27.9167,287.13,92,59,4.63,BG,1651188347
217,wewak,-3.5534,143.6268,301.37,72,87,1.66,PG,1651188348
218,bima,-8.4667,118.7167,298.22,86,74,0.95,ID,1651188348
219,kysyl-syr,63.8986,122.7617,271.22,86,72,1.13,RU,1651188349
220,san luis,-33.295,-66.3356,283.11,28,0,7.4,AR,1651188349
221,puerto carreno,6.189,-67.4859,298.14,94,75,1.54,CO,1651188349
222,varberg,57.1056,12.2508,279.33,87,12,0.58,SE,1651188350
223,mahebourg,-20.4081,57.7,295.31,94,40,1.54,MU,1651188350
224,husavik,66.0449,-17.3389,278.99,67,17,1.82,IS,1651188351
225,victoria,22.2855,114.1577,300.09,87,28,2.24,HK,1651188326
226,stornoway,58.2093,-6.3865,281.03,87,20,1.34,GB,1651188351
227,kalininsk,51.5,44.4758,278.64,68,11,2.77,RU,1651188352
228,sabya,17.1495,42.6254,303.94,67,2,1.16,SA,1651188352
229,iranshahr,27.2025,60.6848,299.63,35,17,1.25,IR,1651188352
230,belyy yar,53.6039,91.3903,276.09,60,0,2.0,RU,1651188353
231,takaungu,-3.6837,39.8566,298.31,87,87,5.1,KE,1651188353
232,asau,46.4333,26.4,282.56,100,100,2.43,RO,1651188354
233,katsuura,35.1333,140.3,290.42,84,100,5.95,JP,1651188354
234,rusape,-18.5278,32.1284,286.07,87,100,2.26,ZW,1651188355
235,ancud,-41.8697,-73.8203,280.66,79,63,1.18,CL,1651188130
236,carora,10.1755,-70.0827,298.11,80,100,2.77,VE,1651188355
237,kashi,39.4547,75.9797,288.71,33,60,7.0,CN,1651188343
238,marzuq,14.4,46.4667,294.54,59,69,0.72,YE,1651188259
239,leh,34.1667,77.5833,278.59,70,100,1.99,IN,1651188168
240,guerrero negro,27.9769,-114.0611,291.45,60,1,9.83,MX,1651188357
241,saskylakh,71.9167,114.0833,268.36,91,100,5.15,RU,1651188266
242,port hardy,50.6996,-127.4199,283.25,71,75,1.54,CA,1651188256
243,grand gaube,-20.0064,57.6608,297.25,81,2,4.56,MU,1651188357
244,moerai,-22.4333,-151.3333,299.84,73,2,8.88,PF,1651188195
245,igarka,67.4667,86.5833,267.86,86,100,5.73,RU,1651188253
246,mizdah,31.4451,12.9801,287.16,50,0,4.16,LY,1651188358
247,namibe,-15.1961,12.1522,296.18,69,21,0.8,AO,1651188359
248,morro bay,35.3658,-120.8499,291.21,59,1,4.92,US,1651188081
249,kaeo,-35.1,173.7833,291.11,81,8,4.81,NZ,1651188359
250,hatillo,18.4863,-66.8254,298.18,66,58,3.13,PR,1651188359
251,grand forks,47.9417,-97.4337,283.11,56,100,3.09,US,1651188099
252,klaksvik,62.2266,-6.589,278.66,82,11,1.53,FO,1651188123
253,gushikawa,26.3544,127.8686,299.85,86,100,7.2,JP,1651188360
254,pullman,46.7313,-117.1796,284.38,49,100,7.15,US,1651188360
255,porbandar,21.6422,69.6093,301.1,75,0,3.93,IN,1651188361
256,tomatlan,19.9333,-105.25,305.25,34,46,5.23,MX,1651188188
257,port said,31.2565,32.2841,292.67,69,0,4.89,EG,1651188361
258,cayenne,4.9333,-52.3333,300.98,1,75,2.57,GF,1651188362
259,soyo,-6.1349,12.3689,297.46,94,100,3.2,AO,1651188362
260,matucana,-11.85,-76.4,289.86,81,84,0.81,PE,1651188363
261,simao,22.7886,100.9748,291.29,42,6,0.31,CN,1651188363
262,lata,40.1629,-8.3327,287.64,85,52,1.38,PT,1651188364
263,molepolole,-24.4066,25.4951,283.23,57,3,2.3,BW,1651188364
264,bangkalan,-7.0455,112.7351,298.12,86,83,1.79,ID,1651188364
265,robstown,27.7903,-97.6689,300.74,61,40,9.77,US,1651188365
266,fare,-16.7,-151.0167,300.69,72,0,10.58,PF,1651188365
267,kaitangata,-46.2817,169.8464,284.41,76,9,0.65,NZ,1651188253
268,comodoro rivadavia,-45.8667,-67.5,275.07,60,0,2.06,AR,1651188332
269,ca mau,9.1769,105.15,299.55,83,89,0.64,VN,1651188366
270,moranbah,-22.0016,148.0466,295.0,78,45,7.57,AU,1651188366
271,vostok,46.4856,135.8833,277.72,40,0,1.98,RU,1651188247
272,azangaro,-14.9167,-70.2167,280.91,60,69,1.51,PE,1651188367
273,naze,28.3667,129.4833,296.66,89,78,8.26,JP,1651188367
274,mlimba,-8.8,35.8167,294.72,95,60,0.54,TZ,1651188368
275,nouadhibou,20.931,-17.0347,291.14,82,5,6.69,MR,1651188368
276,rio gallegos,-51.6226,-69.2181,278.18,70,75,10.8,AR,1651188368
277,ubinskoye,55.3068,79.6802,287.4,67,100,4.64,RU,1651188369
278,derbent,42.0678,48.2899,288.38,77,10,0.81,RU,1651188369
279,keningau,5.3378,116.1602,295.59,99,84,0.84,MY,1651188370
280,talnakh,69.4865,88.3972,260.22,88,100,0.97,RU,1651188370
281,ouidah,6.3631,2.0851,299.07,72,93,2.93,BJ,1651188370
282,kalevala,65.2,31.1667,268.41,88,95,1.87,RU,1651188371
283,uarini,-2.99,-65.1083,297.27,95,100,0.77,BR,1651188371
284,huicheng,23.0385,116.2899,299.24,79,93,0.85,CN,1651188372
285,egvekinot,66.3167,-179.1667,271.82,75,6,1.51,RU,1651188125
286,alacranes,22.7675,-81.5675,299.42,40,14,4.32,CU,1651188372
287,bubaque,11.2833,-15.8333,298.33,74,53,7.91,GW,1651188245
288,tessalit,20.1986,1.0114,300.64,11,0,2.28,ML,1651188373
289,luau,-10.7073,22.2247,290.21,86,18,1.9,AO,1651188373
290,ulaangom,49.9811,92.0667,277.87,41,53,0.18,MN,1651188356
291,merritt island,28.5392,-80.672,296.94,64,40,6.69,US,1651188374
292,clonakilty,51.6231,-8.8706,279.71,75,81,0.67,IE,1651188374
293,codrington,-38.2667,141.9667,291.66,67,90,6.71,AU,1651188375
294,narsaq,60.9167,-46.05,282.27,78,100,1.02,GL,1651188189
295,bitung,1.4451,125.1824,298.62,83,98,0.37,ID,1651188375
296,sao felix do xingu,-6.6447,-51.995,298.08,80,100,1.5,BR,1651188376
297,kemijarvi,66.7131,27.4306,269.19,74,97,3.25,FI,1651188246
298,dunedin,-45.8742,170.5036,288.04,65,1,0.45,NZ,1651188376
299,ponta do sol,32.6667,-17.1,290.52,81,96,1.4,PT,1651188188
300,dera ismail khan,31.8327,70.9024,304.74,13,79,2.6,PK,1651188377
301,lebu,-37.6167,-73.65,284.13,76,5,7.29,CL,1651188377
302,macusani,-14.0833,-70.4333,275.84,83,99,2.63,PE,1651188378
303,bengkulu,-3.8004,102.2655,298.2,84,100,1.84,ID,1651188190
304,ellensburg,46.9965,-120.5479,285.63,43,75,10.29,US,1651188378
305,bremerton,47.5673,-122.6326,286.6,57,0,4.63,US,1651188375
306,kruisfontein,-34.0033,24.7314,287.84,59,12,1.73,ZA,1651188379
307,antalaha,-14.9003,50.2788,296.3,81,17,4.43,MG,1651188379
308,tibu,8.639,-72.7358,297.12,96,100,0.79,CO,1651188379
309,saint-augustin,51.226,-58.6502,274.38,99,100,6.79,CA,1651188380
310,kalangala,-0.3089,32.225,292.79,87,100,6.26,UG,1651188380
311,hambantota,6.1241,81.1185,300.1,82,99,3.61,LK,1651188107
312,pangnirtung,66.1451,-65.7125,265.75,78,100,4.29,CA,1651188134
313,hohhot,40.8106,111.6522,282.31,76,0,2.0,CN,1651188381
314,ranong,9.9658,98.6348,298.11,86,42,0.5,TH,1651188381
315,araouane,18.9048,-3.5265,298.73,10,0,1.74,ML,1651188382
316,san francisco,37.7749,-122.4194,288.19,65,20,15.95,US,1651188324
317,arlit,18.7369,7.3853,299.71,7,3,4.05,NE,1651188382
318,boguchany,58.3814,97.4531,276.44,96,98,1.91,RU,1651188383
319,alice springs,-23.7,133.8833,297.9,33,25,0.0,AU,1651188383
320,fukue,32.6881,128.8419,289.35,100,75,7.72,JP,1651188384
321,rawson,-43.3002,-65.1023,281.88,32,63,4.58,AR,1651188384
322,cazones,20.7167,-97.3167,303.04,58,0,5.14,MX,1651188362
323,bara,10.3744,10.7288,303.85,38,74,5.05,NG,1651188226
324,pevek,69.7008,170.3133,269.13,98,100,3.47,RU,1651188385
325,hanzhong,33.0728,107.0303,285.31,91,1,0.6,CN,1651188385
326,ekhabi,53.5102,142.9671,272.32,96,100,9.1,RU,1651188386
327,viedma,-40.8135,-62.9967,281.01,45,27,4.19,AR,1651188386
328,dingle,10.9995,122.6711,299.59,86,100,3.4,PH,1651188265
329,hillsborough,37.5741,-122.3794,287.44,63,20,15.95,US,1651188387
330,catamarca,-28.4696,-65.7852,291.25,54,35,3.77,AR,1651188387
331,sampit,-2.5333,112.95,297.32,98,95,0.65,ID,1651188387
332,moanda,-1.5575,13.2178,294.32,98,97,0.65,GA,1651188388
333,te anau,-45.4167,167.7167,284.78,78,74,0.69,NZ,1651188127
334,seminole,28.7086,-81.2081,296.89,67,40,6.69,US,1651188388
335,santa comba,43.0331,-8.8093,283.58,97,57,2.25,ES,1651188389
336,nagato,34.3833,131.2,288.26,98,100,7.4,JP,1651188389
337,ati,13.2154,18.3353,302.86,46,68,4.35,TD,1651188390
338,sorland,67.667,12.6934,274.85,60,100,7.27,NO,1651188138
339,buala,-8.145,159.5921,302.27,73,95,2.39,SB,1651188360
340,san carlos de bariloche,-41.1456,-71.3082,273.01,69,20,1.03,AR,1651188390
341,longyearbyen,78.2186,15.6401,259.06,61,40,8.23,SJ,1651188027
342,omsukchan,62.5333,155.8,270.89,90,100,4.77,RU,1651188391
343,butembo,0.15,29.2833,288.03,99,100,0.88,CD,1651188391
344,vermilion,40.1667,-87.7506,286.41,68,100,4.63,US,1651188246
345,jacareacanga,-6.2222,-57.7528,297.36,94,97,0.58,BR,1651188392
346,goderich,43.7501,-81.7165,276.33,56,3,6.17,CA,1651188246
347,cururupu,-1.8283,-44.8683,296.92,95,97,1.5,BR,1651188174
348,yenagoa,4.9247,6.2642,298.23,92,99,1.29,NG,1651188173
349,baoqing,46.3317,132.2111,282.02,34,0,1.89,CN,1651188393
350,kaseda,31.4167,130.3167,295.42,92,100,8.29,JP,1651188393
351,ambovombe,-25.1667,46.0833,292.5,66,51,6.07,MG,1651188393
352,bairiki,1.3292,172.9752,302.15,74,75,6.17,KI,1651188268
353,beringovskiy,63.05,179.3167,268.01,90,91,6.0,RU,1651188281
354,mantua,45.1667,10.7833,284.72,79,2,1.94,IT,1651188394
355,colombo,6.9319,79.8478,298.12,80,100,1.49,LK,1651188394
356,hamilton,39.1834,-84.5333,288.27,50,100,4.12,US,1651188395
357,agadez,19.75,10.25,299.53,7,72,4.48,NE,1651188395
358,villazon,-22.0866,-65.5942,285.29,47,72,5.9,BO,1651188396
359,atoka,34.4001,-96.0169,297.42,81,98,6.52,US,1651188396
360,beberibe,-4.1797,-38.1306,298.74,86,74,3.93,BR,1651188396
361,marawi,7.9986,124.2928,295.14,89,99,0.29,PH,1651188279
362,yulara,-25.2406,130.9889,296.06,40,100,4.63,AU,1651188288
363,pangai,-19.8,-174.35,301.21,65,40,5.14,TO,1651188139
364,rocha,-34.4833,-54.3333,282.81,62,0,3.34,UY,1651188397
365,barvinkove,48.9097,37.0205,285.37,65,87,2.98,UA,1651188398
366,sao joaquim,-28.2939,-49.9317,288.29,99,99,1.52,BR,1651188398
367,sioux lookout,50.1001,-91.917,282.19,15,100,2.57,CA,1651188398
368,nara,34.6851,135.8049,292.09,59,99,3.46,JP,1651188399
369,daru,-9.0763,143.2092,301.28,80,93,4.55,PG,1651188399
370,odessa,46.4775,30.7326,285.47,68,99,5.54,UA,1651188206
371,cesvaine,56.9667,26.3167,275.16,76,98,3.06,LV,1651188400
372,haines junction,60.7522,-137.5108,276.12,93,100,1.03,CA,1651188400
373,coihaique,-45.5752,-72.0662,274.12,86,40,1.54,CL,1651188401
374,san ignacio,17.1561,-89.0714,299.23,83,75,2.06,BZ,1651188401
375,saint-pierre,-21.3393,55.4781,296.74,74,0,3.6,RE,1651188401
376,lorengau,-2.0226,147.2712,302.01,68,100,0.73,PG,1651188402
377,gobabis,-22.45,18.9667,292.75,42,88,3.51,NA,1651188402
378,salinas,36.6777,-121.6555,288.73,57,20,7.72,US,1651188245
379,jiangyou,31.7667,104.7167,291.26,78,100,1.38,CN,1651188403
380,raudeberg,61.9875,5.1352,276.96,89,99,1.74,NO,1651188403
381,aklavik,68.2191,-135.0107,268.15,68,40,3.6,CA,1651188404
382,oltu,40.5498,42.0013,285.85,80,100,1.2,TR,1651188404
383,cidreira,-30.1811,-50.2056,292.19,88,99,4.95,BR,1651188404
384,fairbanks,64.8378,-147.7164,284.54,39,0,2.06,US,1651188150
385,college,64.8569,-147.8028,284.45,40,75,2.06,US,1651188193
386,nemuro,43.3236,145.575,278.87,60,100,4.32,JP,1651188236
387,arroyo,41.6096,-4.7969,283.41,88,0,3.6,ES,1651188405
388,bilibino,68.0546,166.4372,271.95,88,100,0.78,RU,1651188363
389,zhaotong,27.3167,103.7167,285.24,86,19,1.03,CN,1651188406
390,hobyo,5.3505,48.5268,301.62,76,4,4.63,SO,1651188249
391,dawlatabad,36.4141,64.9053,296.72,32,89,2.89,AF,1651188406
392,chantada,42.6088,-7.7712,281.87,97,3,1.39,ES,1651188407
393,bryanka,48.511,38.6722,285.14,66,97,2.37,UA,1651188407
394,north platte,41.1239,-100.7654,300.47,31,0,4.92,US,1651188266
395,yerbogachen,61.2767,108.0108,274.17,81,70,2.86,RU,1651188407
396,erzin,36.9559,36.2,291.28,57,0,0.71,TR,1651188408
397,tarakan,3.3,117.6333,297.87,88,75,2.57,ID,1651188379
398,santander,43.4647,-3.8044,284.74,91,0,0.51,ES,1651188317
399,goundam,16.4145,-3.6708,302.12,9,19,3.37,ML,1651188409
400,manaus,-3.1019,-60.025,300.42,83,40,1.03,BR,1651188184
401,maua,-23.6678,-46.4614,296.67,58,32,1.37,BR,1651188409
402,luocheng,29.3848,104.0286,290.88,87,92,0.59,CN,1651188410
403,namatanai,-3.6667,152.4333,302.32,66,100,2.47,PG,1651188195
404,san lucas toliman,14.6333,-91.1333,294.95,82,73,0.54,GT,1651188410
405,chapleau,47.8405,-83.4034,282.2,15,0,2.57,CA,1651188411
406,faya,18.3851,42.4509,286.44,58,0,2.86,SA,1651188411
407,aksu,41.1231,80.2644,285.19,52,5,3.36,CN,1651188412
408,ustyuzhna,58.8394,36.4321,270.83,64,26,2.47,RU,1651188412
409,oda,35.1833,132.5,286.58,93,100,4.82,JP,1651188412
410,toyokawa,34.8167,137.4,291.45,29,95,1.83,JP,1651188413
411,kiruna,67.8557,20.2251,266.66,68,44,4.12,SE,1651188413
412,zurrieq,35.8311,14.4742,288.88,77,0,4.63,MT,1651188414
413,bosaso,11.2842,49.1816,302.39,68,85,3.72,SO,1651188414
414,campoverde,-8.4753,-74.8058,299.98,93,99,0.93,PE,1651188415
415,waddan,29.1614,16.139,292.35,51,0,6.14,LY,1651188415
416,snyder,32.7179,-100.9176,305.37,27,0,9.26,US,1651188364
417,galesong,-5.3166,119.3661,298.16,79,89,1.9,ID,1651188415
418,lloret de mar,41.6999,2.8457,286.8,66,9,2.86,ES,1651188416
419,kazanskoye,55.6448,69.235,289.07,49,100,5.28,RU,1651188416
420,pangody,65.85,74.4859,266.97,91,100,5.3,RU,1651188417
421,marabba,12.35,32.1833,305.18,10,5,4.07,SD,1651188417
422,bokoro,12.3807,17.0568,303.56,41,100,4.05,TD,1651188417
423,zyryanka,65.75,150.85,265.32,90,100,5.52,RU,1651188224
424,ballina,-28.8667,153.5667,294.75,93,75,2.06,AU,1651188418
425,broome,42.2506,-75.833,279.49,30,0,9.77,US,1651188310
426,shimoda,34.6667,138.95,289.35,83,98,6.92,JP,1651188418
427,hammerfest,70.6634,23.6821,269.4,86,100,5.14,NO,1651188419
428,saint george,37.1041,-113.5841,301.3,6,0,6.26,US,1651188249
429,tabou,4.423,-7.3528,300.03,77,95,0.27,CI,1651188419
430,shaowu,27.3409,117.4831,290.07,96,94,2.46,CN,1651188420
431,buchanan,5.8808,-10.0467,299.8,85,90,2.5,LR,1651188264
432,vicente guerrero,19.1194,-98.1708,295.81,33,49,2.96,MX,1651188420
433,machali,-34.1833,-70.6667,286.66,53,0,1.54,CL,1651188421
434,honningsvag,70.9821,25.9704,270.01,74,75,4.63,NO,1651188421
435,anadyr,64.75,177.4833,272.43,80,0,3.0,RU,1651188422
436,arrecife,28.963,-13.5477,291.14,72,20,5.66,ES,1651188422
437,abbeville,50.1,1.8333,281.84,87,100,3.02,FR,1651188422
438,taltal,-25.4,-70.4833,290.05,86,26,2.25,CL,1651188423
439,cooma,-36.2333,149.1333,287.02,100,2,3.09,AU,1651188423
440,lat yao,15.751,99.7893,300.32,76,100,2.02,TH,1651188424
441,nova vicosa,-17.8919,-39.3719,297.96,81,0,2.84,BR,1651188424
442,garissa,-0.4536,39.6401,298.93,77,91,5.53,KE,1651188425
443,bugiri,0.5714,33.7417,291.38,97,100,2.16,UG,1651188425
444,hailar,49.2,119.7,276.45,74,100,3.16,CN,1651188425
445,port macquarie,-31.4333,152.9167,296.98,77,23,3.37,AU,1651188426
446,brae,60.3964,-1.353,280.32,82,93,1.31,GB,1651188426
447,champerico,14.3,-91.9167,305.45,63,8,4.05,GT,1651188427
448,ludwigsfelde,52.3,13.2667,279.68,80,0,1.03,DE,1651188427
449,kabwe,-14.4469,28.4464,289.32,80,83,2.89,ZM,1651188428
450,rokupr,8.6717,-12.395,299.36,88,86,2.06,SL,1651188428
451,sao jose da coroa grande,-8.8978,-35.1478,298.69,81,100,4.53,BR,1651188428
452,samarai,-10.6167,150.6667,301.33,75,20,4.01,PG,1651188196
453,yangjiang,21.85,111.9667,298.52,93,23,0.49,CN,1651188429
454,glenwood springs,39.5505,-107.3248,289.63,33,0,5.14,US,1651188429
455,manacapuru,-3.2997,-60.6206,298.88,89,97,2.41,BR,1651188430
456,haicheng,40.8516,122.7475,282.61,58,0,1.21,CN,1651188430
457,makakilo city,21.3469,-158.0858,301.33,50,0,7.72,US,1651188431
458,kulhudhuffushi,6.6221,73.07,302.21,72,21,0.14,MV,1651188325
459,prieska,-29.6641,22.7474,293.55,49,13,7.43,ZA,1651188431
460,lakatoro,-16.0999,167.4164,299.51,86,100,3.61,VU,1651188432
461,falun,60.6036,15.626,275.11,70,42,1.69,SE,1651188432
462,prince rupert,54.3161,-130.3201,282.2,76,0,6.69,CA,1651188432
463,warrington,53.3925,-2.5802,281.71,73,100,3.6,GB,1651188433
464,ratnagiri,16.9833,73.3,299.94,85,1,1.32,IN,1651188433
465,pozhva,59.0912,56.0847,268.63,96,9,1.65,RU,1651188434
466,villacarrillo,38.1156,-3.0848,281.87,79,66,2.54,ES,1651188434
467,mataram,-8.5833,116.1167,298.6,81,90,3.02,ID,1651188435
468,grand-bourg,15.8835,-61.3148,297.26,84,98,5.99,GP,1651188435
469,anloga,5.7947,0.8973,299.89,73,72,0.73,GH,1651188435
470,uberlandia,-18.9186,-48.2772,296.71,43,0,2.06,BR,1651188436
471,marrakesh,31.6315,-8.0083,288.19,72,0,5.66,MA,1651188436
472,bonthe,7.5264,-12.505,300.17,84,75,1.69,SL,1651188241
473,amberley,39.2048,-84.428,287.7,50,100,4.12,US,1651188437
474,benoy,8.9833,16.3199,300.05,63,45,2.26,TD,1651188437
475,takhtamygda,54.1,123.5667,274.87,44,94,4.1,RU,1651188438
476,lingyuan,41.24,119.4011,282.57,45,4,2.01,CN,1651188438
477,iqaluit,63.7506,-68.5145,263.0,57,75,4.12,CA,1651188185
478,nelson bay,-32.7167,152.15,294.12,88,33,1.53,AU,1651188439
479,saint anthony,45.0205,-93.218,283.29,60,0,6.69,US,1651188246
480,batsfjord,70.6345,29.7185,267.03,79,75,11.32,NO,1651188439
481,hokitika,-42.7167,170.9667,288.51,68,0,0.68,NZ,1651188440
482,felanitx,39.4696,3.1483,287.36,91,90,3.67,ES,1651188440
483,malinovoye ozero,51.6753,79.7825,285.61,44,46,3.18,RU,1651188441
484,okha,53.5739,142.9478,272.49,94,100,8.93,RU,1651188441
485,lakhnadon,22.6,79.6,302.94,17,36,2.95,IN,1651188441
486,honiara,-9.4333,159.95,302.81,67,97,1.32,SB,1651188442
487,kismayo,-0.3582,42.5454,300.57,81,100,5.2,SO,1651188442
488,taoudenni,22.6783,-3.9836,302.89,10,0,3.3,ML,1651188443
489,abu dhabi,24.4667,54.3667,301.03,70,0,2.57,AE,1651188237
490,debre tabor,11.85,38.0167,287.78,19,10,1.24,ET,1651188443
491,camopi,3.1655,-52.3158,296.24,99,89,1.16,GF,1651188444
492,yumen,40.2833,97.2,279.91,46,100,6.13,CN,1651188444
493,sembe,1.6481,14.5806,294.7,97,47,0.98,CG,1651188364
494,acajutla,13.5928,-89.8275,302.81,66,31,2.43,SV,1651188445
495,noumea,-22.2763,166.4572,295.14,89,100,7.47,NC,1651187901
496,acapulco,16.8634,-99.8901,303.05,70,0,3.6,MX,1651188367
497,jalu,29.0331,21.5482,300.95,10,60,2.16,LY,1651188445
498,antofagasta,-23.65,-70.4,289.75,85,99,1.2,CL,1651188446
499,ashington,50.9331,-0.3909,282.05,78,100,4.13,GB,1651188446
500,chara,56.9064,118.2631,269.53,67,63,1.19,RU,1651188287
501,marang,5.2056,103.2059,299.1,85,51,2.0,MY,1651188447
502,chumikan,54.7183,135.315,274.61,56,70,5.36,RU,1651188447
503,tazovskiy,67.4667,78.7,265.03,91,100,2.96,RU,1651188448
504,bandipur,27.9333,84.4167,292.48,40,1,0.43,NP,1651188448
505,kaduna,10.5222,7.4383,299.82,53,54,3.02,NG,1651188305
506,lana,46.6124,11.1559,285.93,58,11,1.46,IT,1651188449
507,hay river,60.8156,-115.7999,276.14,60,20,6.17,CA,1651188246
508,thinadhoo,0.5333,72.9333,302.38,71,89,3.46,MV,1651188449
509,olinda,-8.0089,-34.8553,301.0,74,75,4.12,BR,1651188450
510,deputatskiy,69.3,139.9,261.03,90,69,0.95,RU,1651188450
511,sayyan,15.1718,44.3244,288.88,59,11,1.14,YE,1651188445
512,spodnja idrija,46.0319,14.0272,281.34,83,9,1.7,SI,1651188451
513,hualmay,-11.0964,-77.6139,292.6,88,90,3.19,PE,1651188451
514,tandayag,9.4547,123.2299,300.57,79,99,1.23,PH,1651188451
515,medea,36.2642,2.7539,282.36,97,100,1.36,DZ,1651188452
516,vangaindrano,-23.35,47.6,292.11,84,71,3.63,MG,1651188452
517,aginskoye,51.1,114.53,274.95,67,92,6.82,RU,1651188453
518,amahai,-3.3333,128.9167,299.71,80,96,1.21,ID,1651188453
519,richards bay,-28.783,32.0377,290.6,88,0,4.46,ZA,1651188453
520,turek,52.0155,18.5005,279.6,77,74,2.01,PL,1651188454
521,ribeira brava,32.65,-17.0667,290.77,83,95,1.7,PT,1651188454
522,vallenar,-28.5708,-70.7581,293.82,32,0,0.82,CL,1651188455
523,roma,43.2128,-75.4557,280.51,34,0,8.75,US,1651188234
524,roros,62.5747,11.3842,269.06,93,75,3.09,NO,1651188455
525,salto,-31.3833,-57.9667,286.75,73,0,3.64,UY,1651188405
526,evensk,61.95,159.2333,276.24,80,91,7.5,RU,1651188456
527,pitimbu,-7.4706,-34.8086,298.48,81,42,5.26,BR,1651188456
528,fayaoue,-20.65,166.5333,295.89,89,100,14.97,NC,1651188457
529,lyubech,51.7026,30.6569,274.85,72,33,2.38,UA,1651188457
530,rancho veloz,22.8806,-80.3917,299.13,52,4,7.5,CU,1651188457
531,marsa matruh,31.3525,27.2453,291.66,73,62,5.69,EG,1651188458
532,teeli,51.0333,90.2333,277.74,41,75,1.15,RU,1651188458
533,gibgos,13.859,123.7675,299.97,85,43,2.96,PH,1651188459
534,pokhara,28.2333,83.9833,295.74,35,0,2.81,NP,1651188459
535,corrales,35.2378,-106.6067,300.86,9,0,4.12,US,1651188459
536,cockburn town,21.4612,-71.1419,297.14,59,27,5.17,TC,1651188460
537,morehead,37.2711,-87.1764,296.19,36,0,0.0,US,1651188460
538,dubbo,-32.25,148.6167,294.22,83,100,5.14,AU,1651188461
539,janakpur,26.7183,85.9065,300.06,57,0,3.19,NP,1651188260
540,mormugao,15.4,73.8,298.74,78,40,1.03,IN,1651188461
541,soloneshnoye,51.6544,84.3197,281.78,61,11,2.69,RU,1651188462
542,kropotkin,45.4375,40.5756,286.31,75,100,5.73,RU,1651188462
543,derzhavinsk,51.1,66.3167,288.65,45,100,3.2,KZ,1651188462
544,stanceni,46.9833,25.2333,277.77,97,100,1.85,RO,1651188463
545,sonoita,31.85,-112.8333,298.86,17,0,8.83,MX,1651188463
546,vredendal,-31.6683,18.5012,287.68,88,27,5.48,ZA,1651188432
547,grindavik,63.8424,-22.4338,281.41,100,75,5.14,IS,1651188464
548,los llanos de aridane,28.6585,-17.9182,288.77,91,75,4.63,ES,1651188464
549,takapau,-40.0333,176.35,286.89,62,74,1.93,NZ,1651188465
550,vodnyy,63.5046,53.4095,268.08,83,8,2.43,RU,1651188465
